Date,Close,Revenue,GDP
2017/4/3,65.550003,22.1,19201.33734
2017/4/4,65.730003,22.1,19201.33734
2017/4/5,65.559998,22.1,19201.33734
2017/4/6,65.730003,22.1,19201.33734
2017/4/7,65.68,22.1,19201.33734
2017/4/10,65.529999,22.1,19201.33734
2017/4/11,65.480003,22.1,19201.33734
2017/4/12,65.230003,22.1,19201.33734
2017/4/13,64.949997,22.1,19201.33734
2017/4/17,65.480003,22.1,19201.33734
2017/4/18,65.389999,22.1,19201.33734
2017/4/19,65.040001,22.1,19201.33734
2017/4/20,65.5,22.1,19201.33734
2017/4/21,66.400002,22.1,19201.33734
2017/4/24,67.529999,22.1,19201.33734
2017/4/25,67.919998,22.1,19201.33734
2017/4/26,67.830002,22.1,19201.33734
2017/4/27,68.269997,22.1,19201.33734
2017/4/28,68.459999,22.1,19201.33734
2017/5/1,69.410004,22.1,19325.73632
2017/5/2,69.300003,22.1,19325.73632
2017/5/3,69.080002,22.1,19325.73632
2017/5/4,68.809998,22.1,19325.73632
2017/5/5,69,22.1,19325.73632
2017/5/8,68.940002,22.1,19325.73632
2017/5/9,69.040001,22.1,19325.73632
2017/5/10,69.309998,22.1,19325.73632
2017/5/11,68.459999,22.1,19325.73632
2017/5/12,68.379997,22.1,19325.73632
2017/5/15,68.43,22.1,19325.73632
2017/5/16,69.410004,22.1,19325.73632
2017/5/17,67.480003,22.1,19325.73632
2017/5/18,67.709999,22.1,19325.73632
2017/5/19,67.690002,22.1,19325.73632
2017/5/22,68.449997,22.1,19325.73632
2017/5/23,68.68,22.1,19325.73632
2017/5/24,68.769997,22.1,19325.73632
2017/5/25,69.620003,22.1,19325.73632
2017/5/26,69.959999,22.1,19325.73632
2017/5/30,70.410004,22.1,19325.73632
2017/5/31,69.839996,22.1,19325.73632
2017/6/1,70.099998,22.1,19441.68634
2017/6/2,71.760002,22.1,19441.68634
2017/6/5,72.279999,22.1,19441.68634
2017/6/6,72.519997,22.1,19441.68634
2017/6/7,72.389999,22.1,19441.68634
2017/6/8,71.949997,22.1,19441.68634
2017/6/9,70.32,22.1,19441.68634
2017/6/12,69.779999,22.1,19441.68634
2017/6/13,70.650002,22.1,19441.68634
2017/6/14,70.269997,22.1,19441.68634
2017/6/15,69.900002,22.1,19441.68634
2017/6/16,70,22.1,19441.68634
2017/6/19,70.870003,22.1,19441.68634
2017/6/20,69.910004,22.1,19441.68634
2017/6/21,70.269997,22.1,19441.68634
2017/6/22,70.260002,22.1,19441.68634
2017/6/23,71.209999,22.1,19441.68634
2017/6/26,70.529999,22.1,19441.68634
2017/6/27,69.209999,22.1,19441.68634
2017/6/28,69.800003,22.1,19441.68634
2017/6/29,68.489998,22.1,19441.68634
2017/6/30,68.93,22.1,19441.68634
2017/7/3,68.169998,23.3,19449.07493
2017/7/5,69.080002,23.3,19449.07493
2017/7/6,68.57,23.3,19449.07493
2017/7/7,69.459999,23.3,19449.07493
2017/7/10,69.980003,23.3,19449.07493
2017/7/11,69.989998,23.3,19449.07493
2017/7/12,71.150002,23.3,19449.07493
2017/7/13,71.769997,23.3,19449.07493
2017/7/14,72.779999,23.3,19449.07493
2017/7/17,73.349998,23.3,19449.07493
2017/7/18,73.300003,23.3,19449.07493
2017/7/19,73.860001,23.3,19449.07493
2017/7/20,74.220001,23.3,19449.07493
2017/7/21,73.790001,23.3,19449.07493
2017/7/24,73.599998,23.3,19449.07493
2017/7/25,74.190002,23.3,19449.07493
2017/7/26,74.050003,23.3,19449.07493
2017/7/27,73.160004,23.3,19449.07493
2017/7/28,73.040001,23.3,19449.07493
2017/7/31,72.699997,23.3,19449.07493
2017/8/1,72.580002,23.3,19530.20942
2017/8/2,72.260002,23.3,19530.20942
2017/8/3,72.150002,23.3,19530.20942
2017/8/4,72.68,23.3,19530.20942
2017/8/7,72.400002,23.3,19530.20942
2017/8/8,72.790001,23.3,19530.20942
2017/8/9,72.470001,23.3,19530.20942
2017/8/10,71.410004,23.3,19530.20942
2017/8/11,72.5,23.3,19530.20942
2017/8/14,73.589996,23.3,19530.20942
2017/8/15,73.220001,23.3,19530.20942
2017/8/16,73.650002,23.3,19530.20942
2017/8/17,72.400002,23.3,19530.20942
2017/8/18,72.489998,23.3,19530.20942
2017/8/21,72.150002,23.3,19530.20942
2017/8/22,73.160004,23.3,19530.20942
2017/8/23,72.720001,23.3,19530.20942
2017/8/24,72.690002,23.3,19530.20942
2017/8/25,72.82,23.3,19530.20942
2017/8/28,72.830002,23.3,19530.20942
2017/8/29,73.050003,23.3,19530.20942
2017/8/30,74.010002,23.3,19530.20942
2017/8/31,74.769997,23.3,19530.20942
2017/9/1,73.940002,23.3,19696.79465
2017/9/5,73.610001,23.3,19696.79465
2017/9/6,73.400002,23.3,19696.79465
2017/9/7,74.339996,23.3,19696.79465
2017/9/8,73.980003,23.3,19696.79465
2017/9/11,74.760002,23.3,19696.79465
2017/9/12,74.68,23.3,19696.79465
2017/9/13,75.209999,23.3,19696.79465
2017/9/14,74.769997,23.3,19696.79465
2017/9/15,75.309998,23.3,19696.79465
2017/9/18,75.160004,23.3,19696.79465
2017/9/19,75.440002,23.3,19696.79465
2017/9/20,74.940002,23.3,19696.79465
2017/9/21,74.209999,23.3,19696.79465
2017/9/22,74.410004,23.3,19696.79465
2017/9/25,73.260002,23.3,19696.79465
2017/9/26,73.260002,23.3,19696.79465
2017/9/27,73.849998,23.3,19696.79465
2017/9/28,73.870003,23.3,19696.79465
2017/9/29,74.489998,23.3,19696.79465
2017/10/2,74.610001,24.5,19743.32153
2017/10/3,74.260002,24.5,19743.32153
2017/10/4,74.690002,24.5,19743.32153
2017/10/5,75.970001,24.5,19743.32153
2017/10/6,76,24.5,19743.32153
2017/10/9,76.290001,24.5,19743.32153
2017/10/10,76.290001,24.5,19743.32153
2017/10/11,76.419998,24.5,19743.32153
2017/10/12,77.120003,24.5,19743.32153
2017/10/13,77.489998,24.5,19743.32153
2017/10/16,77.650002,24.5,19743.32153
2017/10/17,77.589996,24.5,19743.32153
2017/10/18,77.610001,24.5,19743.32153
2017/10/19,77.910004,24.5,19743.32153
2017/10/20,78.809998,24.5,19743.32153
2017/10/23,78.830002,24.5,19743.32153
2017/10/24,78.860001,24.5,19743.32153
2017/10/25,78.629997,24.5,19743.32153
2017/10/26,78.760002,24.5,19743.32153
2017/10/27,83.809998,24.5,19743.32153
2017/10/30,83.889999,24.5,19743.32153
2017/10/31,83.18,24.5,19743.32153
2017/11/1,83.18,24.5,19914.89405
2017/11/2,84.050003,24.5,19914.89405
2017/11/3,84.139999,24.5,19914.89405
2017/11/6,84.470001,24.5,19914.89405
2017/11/7,84.269997,24.5,19914.89405
2017/11/8,84.559998,24.5,19914.89405
2017/11/9,84.089996,24.5,19914.89405
2017/11/10,83.870003,24.5,19914.89405
2017/11/13,83.93,24.5,19914.89405
2017/11/14,84.050003,24.5,19914.89405
2017/11/15,82.980003,24.5,19914.89405
2017/11/16,83.199997,24.5,19914.89405
2017/11/17,82.400002,24.5,19914.89405
2017/11/20,82.529999,24.5,19914.89405
2017/11/21,83.720001,24.5,19914.89405
2017/11/22,83.110001,24.5,19914.89405
2017/11/24,83.260002,24.5,19914.89405
2017/11/27,83.870003,24.5,19914.89405
2017/11/28,84.879997,24.5,19914.89405
2017/11/29,83.339996,24.5,19914.89405
2017/11/30,84.169998,24.5,19914.89405
2017/12/1,84.260002,24.5,19990.67942
2017/12/4,81.080002,24.5,19990.67942
2017/12/5,81.589996,24.5,19990.67942
2017/12/6,82.779999,24.5,19990.67942
2017/12/7,82.489998,24.5,19990.67942
2017/12/8,84.160004,24.5,19990.67942
2017/12/11,85.230003,24.5,19990.67942
2017/12/12,85.580002,24.5,19990.67942
2017/12/13,85.349998,24.5,19990.67942
2017/12/14,84.690002,24.5,19990.67942
2017/12/15,86.849998,24.5,19990.67942
2017/12/18,86.379997,24.5,19990.67942
2017/12/19,85.830002,24.5,19990.67942
2017/12/20,85.519997,24.5,19990.67942
2017/12/21,85.5,24.5,19990.67942
2017/12/22,85.510002,24.5,19990.67942
2017/12/26,85.400002,24.5,19990.67942
2017/12/27,85.709999,24.5,19990.67942
2017/12/28,85.720001,24.5,19990.67942
2017/12/29,85.540001,24.5,19990.67942
2018/1/2,85.949997,28.9,20054.2326
2018/1/3,86.349998,28.9,20054.2326
2018/1/4,87.110001,28.9,20054.2326
2018/1/5,88.190002,28.9,20054.2326
2018/1/8,88.279999,28.9,20054.2326
2018/1/9,88.220001,28.9,20054.2326
2018/1/10,87.82,28.9,20054.2326
2018/1/11,88.080002,28.9,20054.2326
2018/1/12,89.599998,28.9,20054.2326
2018/1/16,88.349998,28.9,20054.2326
2018/1/17,90.139999,28.9,20054.2326
2018/1/18,90.099998,28.9,20054.2326
2018/1/19,90,28.9,20054.2326
2018/1/22,91.610001,28.9,20054.2326
2018/1/23,91.900002,28.9,20054.2326
2018/1/24,91.82,28.9,20054.2326
2018/1/25,92.330002,28.9,20054.2326
2018/1/26,94.059998,28.9,20054.2326
2018/1/29,93.919998,28.9,20054.2326
2018/1/30,92.739998,28.9,20054.2326
2018/1/31,95.010002,28.9,20054.2326
2018/2/1,94.260002,28.9,20196.98466
2018/2/2,91.779999,28.9,20196.98466
2018/2/5,88,28.9,20196.98466
2018/2/6,91.330002,28.9,20196.98466
2018/2/7,89.610001,28.9,20196.98466
2018/2/8,85.010002,28.9,20196.98466
2018/2/9,88.18,28.9,20196.98466
2018/2/12,89.129997,28.9,20196.98466
2018/2/13,89.830002,28.9,20196.98466
2018/2/14,90.809998,28.9,20196.98466
2018/2/15,92.660004,28.9,20196.98466
2018/2/16,92,28.9,20196.98466
2018/2/20,92.720001,28.9,20196.98466
2018/2/21,91.489998,28.9,20196.98466
2018/2/22,91.730003,28.9,20196.98466
2018/2/23,94.059998,28.9,20196.98466
2018/2/26,95.419998,28.9,20196.98466
2018/2/27,94.199997,28.9,20196.98466
2018/2/28,93.769997,28.9,20196.98466
2018/3/1,92.849998,28.9,20179.93074
2018/3/2,93.050003,28.9,20179.93074
2018/3/5,93.639999,28.9,20179.93074
2018/3/6,93.32,28.9,20179.93074
2018/3/7,93.860001,28.9,20179.93074
2018/3/8,94.43,28.9,20179.93074
2018/3/9,96.540001,28.9,20179.93074
2018/3/12,96.769997,28.9,20179.93074
2018/3/13,94.410004,28.9,20179.93074
2018/3/14,93.849998,28.9,20179.93074
2018/3/15,94.18,28.9,20179.93074
2018/3/16,94.599998,28.9,20179.93074
2018/3/19,92.889999,28.9,20179.93074
2018/3/20,93.129997,28.9,20179.93074
2018/3/21,92.480003,28.9,20179.93074
2018/3/22,89.790001,28.9,20179.93074
2018/3/23,87.18,28.9,20179.93074
2018/3/26,93.779999,28.9,20179.93074
2018/3/27,89.470001,28.9,20179.93074
2018/3/28,89.389999,28.9,20179.93074
2018/3/29,91.269997,28.9,20179.93074
2018/4/2,88.519997,26.8,20390.6486
2018/4/3,89.709999,26.8,20390.6486
2018/4/4,92.330002,26.8,20390.6486
2018/4/5,92.379997,26.8,20390.6486
2018/4/6,90.230003,26.8,20390.6486
2018/4/9,90.769997,26.8,20390.6486
2018/4/10,92.879997,26.8,20390.6486
2018/4/11,91.860001,26.8,20390.6486
2018/4/12,93.580002,26.8,20390.6486
2018/4/13,93.080002,26.8,20390.6486
2018/4/16,94.169998,26.8,20390.6486
2018/4/17,96.07,26.8,20390.6486
2018/4/18,96.440002,26.8,20390.6486
2018/4/19,96.110001,26.8,20390.6486
2018/4/20,95,26.8,20390.6486
2018/4/23,95.349998,26.8,20390.6486
2018/4/24,93.120003,26.8,20390.6486
2018/4/25,92.309998,26.8,20390.6486
2018/4/26,94.260002,26.8,20390.6486
2018/4/27,95.82,26.8,20390.6486
2018/4/30,93.519997,26.8,20390.6486
2018/5/1,95,26.8,20509.23453
2018/5/2,93.510002,26.8,20509.23453
2018/5/3,94.07,26.8,20509.23453
2018/5/4,95.160004,26.8,20509.23453
2018/5/7,96.220001,26.8,20509.23453
2018/5/8,95.809998,26.8,20509.23453
2018/5/9,96.940002,26.8,20509.23453
2018/5/10,97.910004,26.8,20509.23453
2018/5/11,97.699997,26.8,20509.23453
2018/5/14,98.029999,26.8,20509.23453
2018/5/15,97.32,26.8,20509.23453
2018/5/16,97.150002,26.8,20509.23453
2018/5/17,96.18,26.8,20509.23453
2018/5/18,96.360001,26.8,20509.23453
2018/5/21,97.599998,26.8,20509.23453
2018/5/22,97.5,26.8,20509.23453
2018/5/23,98.660004,26.8,20509.23453
2018/5/24,98.309998,26.8,20509.23453
2018/5/25,98.360001,26.8,20509.23453
2018/5/29,98.010002,26.8,20509.23453
2018/5/30,98.949997,26.8,20509.23453
2018/5/31,98.839996,26.8,20509.23453
2018/6/1,100.790001,26.8,20577.59286
2018/6/4,101.669998,26.8,20577.59286
2018/6/5,102.190002,26.8,20577.59286
2018/6/6,102.489998,26.8,20577.59286
2018/6/7,100.879997,26.8,20577.59286
2018/6/8,101.629997,26.8,20577.59286
2018/6/11,101.050003,26.8,20577.59286
2018/6/12,101.309998,26.8,20577.59286
2018/6/13,100.849998,26.8,20577.59286
2018/6/14,101.419998,26.8,20577.59286
2018/6/15,100.129997,26.8,20577.59286
2018/6/18,100.860001,26.8,20577.59286
2018/6/19,100.860001,26.8,20577.59286
2018/6/20,101.870003,26.8,20577.59286
2018/6/21,101.139999,26.8,20577.59286
2018/6/22,100.410004,26.8,20577.59286
2018/6/25,98.389999,26.8,20577.59286
2018/6/26,99.080002,26.8,20577.59286
2018/6/27,97.540001,26.8,20577.59286
2018/6/28,98.629997,26.8,20577.59286
2018/6/29,98.610001,26.8,20577.59286
2018/7/2,100.010002,30.1,20591.17885
2018/7/3,99.050003,30.1,20591.17885
2018/7/5,99.760002,30.1,20591.17885
2018/7/6,101.160004,30.1,20591.17885
2018/7/9,101.849998,30.1,20591.17885
2018/7/10,102.120003,30.1,20591.17885
2018/7/11,101.980003,30.1,20591.17885
2018/7/12,104.190002,30.1,20591.17885
2018/7/13,105.43,30.1,20591.17885
2018/7/16,104.910004,30.1,20591.17885
2018/7/17,105.949997,30.1,20591.17885
2018/7/18,105.120003,30.1,20591.17885
2018/7/19,104.400002,30.1,20591.17885
2018/7/20,106.269997,30.1,20591.17885
2018/7/23,107.970001,30.1,20591.17885
2018/7/24,107.660004,30.1,20591.17885
2018/7/25,110.830002,30.1,20591.17885
2018/7/26,109.620003,30.1,20591.17885
2018/7/27,107.68,30.1,20591.17885
2018/7/30,105.370003,30.1,20591.17885
2018/7/31,106.080002,30.1,20591.17885
2018/8/1,106.279999,30.1,20691.45835
2018/8/2,107.57,30.1,20691.45835
2018/8/3,108.040001,30.1,20691.45835
2018/8/6,108.129997,30.1,20691.45835
2018/8/7,108.879997,30.1,20691.45835
2018/8/8,109.489998,30.1,20691.45835
2018/8/9,109.669998,30.1,20691.45835
2018/8/10,109,30.1,20691.45835
2018/8/13,108.209999,30.1,20691.45835
2018/8/14,109.559998,30.1,20691.45835
2018/8/15,107.660004,30.1,20691.45835
2018/8/16,107.639999,30.1,20691.45835
2018/8/17,107.580002,30.1,20691.45835
2018/8/20,106.870003,30.1,20691.45835
2018/8/21,105.980003,30.1,20691.45835
2018/8/22,107.059998,30.1,20691.45835
2018/8/23,107.559998,30.1,20691.45835
2018/8/24,108.400002,30.1,20691.45835
2018/8/27,109.599998,30.1,20691.45835
2018/8/28,110.260002,30.1,20691.45835
2018/8/29,112.019997,30.1,20691.45835
2018/8/30,111.949997,30.1,20691.45835
2018/8/31,112.330002,30.1,20691.45835
2018/9/4,111.709999,30.1,20694.6688
2018/9/5,108.489998,30.1,20694.6688
2018/9/6,108.739998,30.1,20694.6688
2018/9/7,108.209999,30.1,20694.6688
2018/9/10,109.379997,30.1,20694.6688
2018/9/11,111.239998,30.1,20694.6688
2018/9/12,111.709999,30.1,20694.6688
2018/9/13,112.910004,30.1,20694.6688
2018/9/14,113.370003,30.1,20694.6688
2018/9/17,112.139999,30.1,20694.6688
2018/9/18,113.209999,30.1,20694.6688
2018/9/19,111.699997,30.1,20694.6688
2018/9/20,113.57,30.1,20694.6688
2018/9/21,114.260002,30.1,20694.6688
2018/9/24,114.669998,30.1,20694.6688
2018/9/25,114.449997,30.1,20694.6688
2018/9/26,113.980003,30.1,20694.6688
2018/9/27,114.410004,30.1,20694.6688
2018/9/28,114.370003,30.1,20694.6688
2018/10/1,115.610001,29.1,20825.63443
2018/10/2,115.150002,29.1,20825.63443
2018/10/3,115.169998,29.1,20825.63443
2018/10/4,112.790001,29.1,20825.63443
2018/10/5,112.129997,29.1,20825.63443
2018/10/8,110.849998,29.1,20825.63443
2018/10/9,112.260002,29.1,20825.63443
2018/10/10,106.160004,29.1,20825.63443
2018/10/11,105.910004,29.1,20825.63443
2018/10/12,109.57,29.1,20825.63443
2018/10/15,107.599998,29.1,20825.63443
2018/10/16,111,29.1,20825.63443
2018/10/17,110.709999,29.1,20825.63443
2018/10/18,108.5,29.1,20825.63443
2018/10/19,108.660004,29.1,20825.63443
2018/10/22,109.629997,29.1,20825.63443
2018/10/23,108.099998,29.1,20825.63443
2018/10/24,102.32,29.1,20825.63443
2018/10/25,108.300003,29.1,20825.63443
2018/10/26,106.959999,29.1,20825.63443
2018/10/29,103.849998,29.1,20825.63443
2018/10/30,103.730003,29.1,20825.63443
2018/10/31,106.809998,29.1,20825.63443
2018/11/1,105.919998,29.1,20779.79517
2018/11/2,106.160004,29.1,20779.79517
2018/11/5,107.510002,29.1,20779.79517
2018/11/6,107.720001,29.1,20779.79517
2018/11/7,111.959999,29.1,20779.79517
2018/11/8,111.75,29.1,20779.79517
2018/11/9,109.57,29.1,20779.79517
2018/11/12,106.870003,29.1,20779.79517
2018/11/13,106.940002,29.1,20779.79517
2018/11/14,104.970001,29.1,20779.79517
2018/11/15,107.279999,29.1,20779.79517
2018/11/16,108.290001,29.1,20779.79517
2018/11/19,104.620003,29.1,20779.79517
2018/11/20,101.709999,29.1,20779.79517
2018/11/21,103.110001,29.1,20779.79517
2018/11/23,103.07,29.1,20779.79517
2018/11/26,106.470001,29.1,20779.79517
2018/11/27,107.139999,29.1,20779.79517
2018/11/28,111.120003,29.1,20779.79517
2018/11/29,110.190002,29.1,20779.79517
2018/11/30,110.889999,29.1,20779.79517
2018/12/3,112.089996,29.1,20834.5454
2018/12/4,108.519997,29.1,20834.5454
2018/12/6,109.190002,29.1,20834.5454
2018/12/7,104.82,29.1,20834.5454
2018/12/10,107.589996,29.1,20834.5454
2018/12/11,108.589996,29.1,20834.5454
2018/12/12,109.080002,29.1,20834.5454
2018/12/13,109.449997,29.1,20834.5454
2018/12/14,106.029999,29.1,20834.5454
2018/12/17,102.889999,29.1,20834.5454
2018/12/18,103.970001,29.1,20834.5454
2018/12/19,103.690002,29.1,20834.5454
2018/12/20,101.510002,29.1,20834.5454
2018/12/21,98.230003,29.1,20834.5454
2018/12/24,94.129997,29.1,20834.5454
2018/12/26,100.559998,29.1,20834.5454
2018/12/27,101.18,29.1,20834.5454
2018/12/28,100.389999,29.1,20834.5454
2018/12/31,101.57,29.1,20834.5454
2019/1/2,101.120003,32.5,20983.2386
2019/1/3,97.400002,32.5,20983.2386
2019/1/4,101.93,32.5,20983.2386
2019/1/7,102.059998,32.5,20983.2386
2019/1/8,102.800003,32.5,20983.2386
2019/1/9,104.269997,32.5,20983.2386
2019/1/10,103.599998,32.5,20983.2386
2019/1/11,102.800003,32.5,20983.2386
2019/1/14,102.050003,32.5,20983.2386
2019/1/15,105.010002,32.5,20983.2386
2019/1/16,105.379997,32.5,20983.2386
2019/1/17,106.120003,32.5,20983.2386
2019/1/18,107.709999,32.5,20983.2386
2019/1/22,105.68,32.5,20983.2386
2019/1/23,106.709999,32.5,20983.2386
2019/1/24,106.199997,32.5,20983.2386
2019/1/25,107.169998,32.5,20983.2386
2019/1/28,105.080002,32.5,20983.2386
2019/1/29,102.940002,32.5,20983.2386
2019/1/30,106.379997,32.5,20983.2386
2019/1/31,104.43,32.5,20983.2386
2019/2/1,102.779999,32.5,20989.67143
2019/2/4,105.739998,32.5,20989.67143
2019/2/5,107.220001,32.5,20989.67143
2019/2/6,106.029999,32.5,20989.67143
2019/2/7,105.269997,32.5,20989.67143
2019/2/8,105.669998,32.5,20989.67143
2019/2/11,105.25,32.5,20989.67143
2019/2/12,106.889999,32.5,20989.67143
2019/2/13,106.809998,32.5,20989.67143
2019/2/14,106.900002,32.5,20989.67143
2019/2/15,108.220001,32.5,20989.67143
2019/2/19,108.169998,32.5,20989.67143
2019/2/20,107.150002,32.5,20989.67143
2019/2/21,109.410004,32.5,20989.67143
2019/2/22,110.970001,32.5,20989.67143
2019/2/25,111.589996,32.5,20989.67143
2019/2/26,112.360001,32.5,20989.67143
2019/2/27,112.169998,32.5,20989.67143
2019/2/28,112.029999,32.5,20989.67143
2019/3/1,112.529999,32.5,21031.86297
2019/3/4,112.260002,32.5,21031.86297
2019/3/5,111.699997,32.5,21031.86297
2019/3/6,111.75,32.5,21031.86297
2019/3/7,110.389999,32.5,21031.86297
2019/3/8,110.510002,32.5,21031.86297
2019/3/11,112.830002,32.5,21031.86297
2019/3/12,113.620003,32.5,21031.86297
2019/3/13,114.5,32.5,21031.86297
2019/3/14,114.589996,32.5,21031.86297
2019/3/15,115.910004,32.5,21031.86297
2019/3/18,117.57,32.5,21031.86297
2019/3/19,117.650002,32.5,21031.86297
2019/3/20,117.519997,32.5,21031.86297
2019/3/21,120.220001,32.5,21031.86297
2019/3/22,117.050003,32.5,21031.86297
2019/3/25,117.660004,32.5,21031.86297
2019/3/26,117.910004,32.5,21031.86297
2019/3/27,116.769997,32.5,21031.86297
2019/3/28,116.93,32.5,21031.86297
2019/3/29,117.940002,32.5,21031.86297
2019/4/1,119.019997,30.6,21197.89379
2019/4/2,119.190002,30.6,21197.89379
2019/4/3,119.970001,30.6,21197.89379
2019/4/4,119.360001,30.6,21197.89379
2019/4/5,119.889999,30.6,21197.89379
2019/4/8,119.93,30.6,21197.89379
2019/4/9,119.279999,30.6,21197.89379
2019/4/10,120.190002,30.6,21197.89379
2019/4/11,120.330002,30.6,21197.89379
2019/4/12,120.949997,30.6,21197.89379
2019/4/15,121.050003,30.6,21197.89379
2019/4/16,120.769997,30.6,21197.89379
2019/4/17,121.769997,30.6,21197.89379
2019/4/18,123.370003,30.6,21197.89379
2019/4/22,123.760002,30.6,21197.89379
2019/4/23,125.440002,30.6,21197.89379
2019/4/24,125.010002,30.6,21197.89379
2019/4/25,129.149994,30.6,21197.89379
2019/4/26,129.889999,30.6,21197.89379
2019/4/29,129.770004,30.6,21197.89379
2019/4/30,130.600006,30.6,21197.89379
2019/5/1,127.879997,30.6,21274.89376
2019/5/2,126.209999,30.6,21274.89376
2019/5/3,128.899994,30.6,21274.89376
2019/5/6,128.149994,30.6,21274.89376
2019/5/7,125.519997,30.6,21274.89376
2019/5/8,125.510002,30.6,21274.89376
2019/5/9,125.5,30.6,21274.89376
2019/5/10,127.129997,30.6,21274.89376
2019/5/13,123.349998,30.6,21274.89376
2019/5/14,124.730003,30.6,21274.89376
2019/5/15,126.019997,30.6,21274.89376
2019/5/16,128.929993,30.6,21274.89376
2019/5/17,128.070007,30.6,21274.89376
2019/5/20,126.220001,30.6,21274.89376
2019/5/21,126.900002,30.6,21274.89376
2019/5/22,127.669998,30.6,21274.89376
2019/5/23,126.18,30.6,21274.89376
2019/5/24,126.239998,30.6,21274.89376
2019/5/28,126.160004,30.6,21274.89376
2019/5/29,124.940002,30.6,21274.89376
2019/5/30,125.730003,30.6,21274.89376
2019/5/31,123.68,30.6,21274.89376
2019/6/3,119.839996,30.6,21395.01645
2019/6/4,123.160004,30.6,21395.01645
2019/6/5,125.830002,30.6,21395.01645
2019/6/6,127.82,30.6,21395.01645
2019/6/7,131.399994,30.6,21395.01645
2019/6/10,132.600006,30.6,21395.01645
2019/6/11,132.100006,30.6,21395.01645
2019/6/12,131.490005,30.6,21395.01645
2019/6/13,132.320007,30.6,21395.01645
2019/6/14,132.449997,30.6,21395.01645
2019/6/17,132.850006,30.6,21395.01645
2019/6/18,135.160004,30.6,21395.01645
2019/6/19,135.690002,30.6,21395.01645
2019/6/20,136.949997,30.6,21395.01645
2019/6/21,136.970001,30.6,21395.01645
2019/6/24,137.779999,30.6,21395.01645
2019/6/25,133.429993,30.6,21395.01645
2019/6/26,133.929993,30.6,21395.01645
2019/6/27,134.149994,30.6,21395.01645
2019/6/28,133.960007,30.6,21395.01645
2019/7/1,135.679993,33.7,21459.56958
2019/7/2,136.580002,33.7,21459.56958
2019/7/3,137.460007,33.7,21459.56958
2019/7/5,137.059998,33.7,21459.56958
2019/7/8,136.960007,33.7,21459.56958
2019/7/9,136.460007,33.7,21459.56958
2019/7/10,137.850006,33.7,21459.56958
2019/7/11,138.399994,33.7,21459.56958
2019/7/12,138.899994,33.7,21459.56958
2019/7/15,138.899994,33.7,21459.56958
2019/7/16,137.080002,33.7,21459.56958
2019/7/17,136.270004,33.7,21459.56958
2019/7/18,136.419998,33.7,21459.56958
2019/7/19,136.619995,33.7,21459.56958
2019/7/22,138.429993,33.7,21459.56958
2019/7/23,139.289993,33.7,21459.56958
2019/7/24,140.720001,33.7,21459.56958
2019/7/25,140.190002,33.7,21459.56958
2019/7/26,141.339996,33.7,21459.56958
2019/7/29,141.029999,33.7,21459.56958
2019/7/30,140.350006,33.7,21459.56958
2019/7/31,136.270004,33.7,21459.56958
2019/8/1,138.059998,33.7,21506.73542
2019/8/2,136.899994,33.7,21506.73542
2019/8/5,132.210007,33.7,21506.73542
2019/8/6,134.690002,33.7,21506.73542
2019/8/7,135.279999,33.7,21506.73542
2019/8/8,138.889999,33.7,21506.73542
2019/8/9,137.710007,33.7,21506.73542
2019/8/12,135.789993,33.7,21506.73542
2019/8/13,138.600006,33.7,21506.73542
2019/8/14,133.979996,33.7,21506.73542
2019/8/15,133.679993,33.7,21506.73542
2019/8/16,136.130005,33.7,21506.73542
2019/8/19,138.410004,33.7,21506.73542
2019/8/20,137.259995,33.7,21506.73542
2019/8/21,138.789993,33.7,21506.73542
2019/8/22,137.779999,33.7,21506.73542
2019/8/23,133.389999,33.7,21506.73542
2019/8/26,135.449997,33.7,21506.73542
2019/8/27,135.740005,33.7,21506.73542
2019/8/28,135.559998,33.7,21506.73542
2019/8/29,138.119995,33.7,21506.73542
2019/8/30,137.860001,33.7,21506.73542
2019/9/3,136.039993,33.7,21548.73101
2019/9/4,137.630005,33.7,21548.73101
2019/9/5,140.050003,33.7,21548.73101
2019/9/6,139.100006,33.7,21548.73101
2019/9/9,137.520004,33.7,21548.73101
2019/9/10,136.080002,33.7,21548.73101
2019/9/11,136.119995,33.7,21548.73101
2019/9/12,137.520004,33.7,21548.73101
2019/9/13,137.320007,33.7,21548.73101
2019/9/16,136.330002,33.7,21548.73101
2019/9/17,137.389999,33.7,21548.73101
2019/9/18,138.520004,33.7,21548.73101
2019/9/19,141.070007,33.7,21548.73101
2019/9/20,139.440002,33.7,21548.73101
2019/9/23,139.139999,33.7,21548.73101
2019/9/24,137.380005,33.7,21548.73101
2019/9/25,139.360001,33.7,21548.73101
2019/9/26,139.539993,33.7,21548.73101
2019/9/27,137.729996,33.7,21548.73101
2019/9/30,139.029999,33.7,21548.73101
2019/10/1,137.070007,33.1,21634.55712
2019/10/2,134.649994,33.1,21634.55712
2019/10/3,136.279999,33.1,21634.55712
2019/10/4,138.119995,33.1,21634.55712
2019/10/7,137.119995,33.1,21634.55712
2019/10/8,135.669998,33.1,21634.55712
2019/10/9,138.240005,33.1,21634.55712
2019/10/10,139.100006,33.1,21634.55712
2019/10/11,139.679993,33.1,21634.55712
2019/10/14,139.550003,33.1,21634.55712
2019/10/15,141.570007,33.1,21634.55712
2019/10/16,140.410004,33.1,21634.55712
2019/10/17,139.690002,33.1,21634.55712
2019/10/18,137.410004,33.1,21634.55712
2019/10/21,138.429993,33.1,21634.55712
2019/10/22,136.369995,33.1,21634.55712
2019/10/23,137.240005,33.1,21634.55712
2019/10/24,139.940002,33.1,21634.55712
2019/10/25,140.729996,33.1,21634.55712
2019/10/28,144.190002,33.1,21634.55712
2019/10/29,142.830002,33.1,21634.55712
2019/10/30,144.610001,33.1,21634.55712
2019/10/31,143.369995,33.1,21634.55712
2019/11/1,143.720001,33.1,21706.8776
2019/11/4,144.550003,33.1,21706.8776
2019/11/5,144.460007,33.1,21706.8776
2019/11/6,144.059998,33.1,21706.8776
2019/11/7,144.259995,33.1,21706.8776
2019/11/8,145.960007,33.1,21706.8776
2019/11/11,146.110001,33.1,21706.8776
2019/11/12,147.070007,33.1,21706.8776
2019/11/13,147.309998,33.1,21706.8776
2019/11/14,148.059998,33.1,21706.8776
2019/11/15,149.970001,33.1,21706.8776
2019/11/18,150.339996,33.1,21706.8776
2019/11/19,150.389999,33.1,21706.8776
2019/11/20,149.619995,33.1,21706.8776
2019/11/21,149.479996,33.1,21706.8776
2019/11/22,149.589996,33.1,21706.8776
2019/11/25,151.229996,33.1,21706.8776
2019/11/26,152.029999,33.1,21706.8776
2019/11/27,152.320007,33.1,21706.8776
2019/11/29,151.380005,33.1,21706.8776
2019/12/2,149.550003,33.1,21741.93929
2019/12/3,149.309998,33.1,21741.93929
2019/12/4,149.850006,33.1,21741.93929
2019/12/5,149.929993,33.1,21741.93929
2019/12/6,151.75,33.1,21741.93929
2019/12/9,151.360001,33.1,21741.93929
2019/12/10,151.130005,33.1,21741.93929
2019/12/11,151.699997,33.1,21741.93929
2019/12/12,153.240005,33.1,21741.93929
2019/12/13,154.529999,33.1,21741.93929
2019/12/16,155.529999,33.1,21741.93929
2019/12/17,154.690002,33.1,21741.93929
2019/12/18,154.369995,33.1,21741.93929
2019/12/19,155.710007,33.1,21741.93929
2019/12/20,157.410004,33.1,21741.93929
2019/12/23,157.410004,33.1,21741.93929
2019/12/24,157.380005,33.1,21741.93929
2019/12/26,158.669998,33.1,21741.93929
2019/12/27,158.960007,33.1,21741.93929
2019/12/30,157.589996,33.1,21741.93929
2019/12/31,157.699997,33.1,21741.93929
2020/1/2,160.619995,36.9,21784.26677
2020/1/3,158.619995,36.9,21784.26677
2020/1/6,159.029999,36.9,21784.26677
2020/1/7,157.580002,36.9,21784.26677
2020/1/8,160.089996,36.9,21784.26677
2020/1/9,162.089996,36.9,21784.26677
2020/1/10,161.339996,36.9,21784.26677
2020/1/13,163.279999,36.9,21784.26677
2020/1/14,162.130005,36.9,21784.26677
2020/1/15,163.179993,36.9,21784.26677
2020/1/16,166.169998,36.9,21784.26677
2020/1/17,167.100006,36.9,21784.26677
2020/1/21,166.5,36.9,21784.26677
2020/1/22,165.699997,36.9,21784.26677
2020/1/23,166.720001,36.9,21784.26677
2020/1/24,165.039993,36.9,21784.26677
2020/1/27,162.279999,36.9,21784.26677
2020/1/28,165.460007,36.9,21784.26677
2020/1/29,168.039993,36.9,21784.26677
2020/1/30,172.779999,36.9,21784.26677
2020/1/31,170.229996,36.9,21784.26677
2020/2/3,174.380005,36.9,21918.145
2020/2/4,180.119995,36.9,21918.145
2020/2/5,179.899994,36.9,21918.145
2020/2/6,183.630005,36.9,21918.145
2020/2/7,183.889999,36.9,21918.145
2020/2/10,188.699997,36.9,21918.145
2020/2/11,184.440002,36.9,21918.145
2020/2/12,184.710007,36.9,21918.145
2020/2/13,183.710007,36.9,21918.145
2020/2/14,185.350006,36.9,21918.145
2020/2/18,187.229996,36.9,21918.145
2020/2/19,187.279999,36.9,21918.145
2020/2/20,184.419998,36.9,21918.145
2020/2/21,178.589996,36.9,21918.145
2020/2/24,170.889999,36.9,21918.145
2020/2/25,168.070007,36.9,21918.145
2020/2/26,170.169998,36.9,21918.145
2020/2/27,158.179993,36.9,21918.145
2020/2/28,162.009995,36.9,21918.145
2020/3/2,172.789993,36.9,20741.68923
2020/3/3,164.509995,36.9,20741.68923
2020/3/4,170.550003,36.9,20741.68923
2020/3/5,166.270004,36.9,20741.68923
2020/3/6,161.570007,36.9,20741.68923
2020/3/9,150.619995,36.9,20741.68923
2020/3/10,160.919998,36.9,20741.68923
2020/3/11,153.630005,36.9,20741.68923
2020/3/12,139.059998,36.9,20741.68923
2020/3/13,158.830002,36.9,20741.68923
2020/3/16,135.419998,36.9,20741.68923
2020/3/17,146.570007,36.9,20741.68923
2020/3/18,140.399994,36.9,20741.68923
2020/3/19,142.710007,36.9,20741.68923
2020/3/20,137.350006,36.9,20741.68923
2020/3/23,135.979996,36.9,20741.68923
2020/3/24,148.339996,36.9,20741.68923
2020/3/25,146.919998,36.9,20741.68923
2020/3/26,156.110001,36.9,20741.68923
2020/3/27,149.699997,36.9,20741.68923
2020/3/30,160.229996,36.9,20741.68923
2020/3/31,157.710007,36.9,20741.68923
2020/4/1,152.110001,35.0 ,18512.75194
2020/4/2,155.259995,35.0 ,18512.75194
2020/4/3,153.830002,35.0 ,18512.75194
2020/4/6,165.270004,35.0 ,18512.75194
2020/4/7,163.490005,35.0 ,18512.75194
2020/4/8,165.130005,35.0 ,18512.75194
2020/4/9,165.139999,35.0 ,18512.75194
2020/4/13,165.509995,35.0 ,18512.75194
2020/4/14,173.699997,35.0 ,18512.75194
2020/4/15,171.880005,35.0 ,18512.75194
2020/4/16,177.039993,35.0 ,18512.75194
2020/4/17,178.600006,35.0 ,18512.75194
2020/4/20,175.059998,35.0 ,18512.75194
2020/4/21,167.820007,35.0 ,18512.75194
2020/4/22,173.520004,35.0 ,18512.75194
2020/4/23,171.419998,35.0 ,18512.75194
2020/4/24,174.550003,35.0 ,18512.75194
2020/4/27,174.050003,35.0 ,18512.75194
2020/4/28,169.809998,35.0 ,18512.75194
2020/4/29,177.429993,35.0 ,18512.75194
2020/4/30,179.210007,35.0 ,18512.75194
2020/5/1,174.570007,35.0 ,19367.48037
2020/5/4,178.839996,35.0 ,19367.48037
2020/5/5,180.759995,35.0 ,19367.48037
2020/5/6,182.539993,35.0 ,19367.48037
2020/5/7,183.600006,35.0 ,19367.48037
2020/5/8,184.679993,35.0 ,19367.48037
2020/5/11,186.740005,35.0 ,19367.48037
2020/5/12,182.509995,35.0 ,19367.48037
2020/5/13,179.75,35.0 ,19367.48037
2020/5/14,180.529999,35.0 ,19367.48037
2020/5/15,183.160004,35.0 ,19367.48037
2020/5/18,184.910004,35.0 ,19367.48037
2020/5/19,183.630005,35.0 ,19367.48037
2020/5/20,185.660004,35.0 ,19367.48037
2020/5/21,183.429993,35.0 ,19367.48037
2020/5/22,183.509995,35.0 ,19367.48037
2020/5/26,181.570007,35.0 ,19367.48037
2020/5/27,181.809998,35.0 ,19367.48037
2020/5/28,181.399994,35.0 ,19367.48037
2020/5/29,183.25,35.0 ,19367.48037
2020/6/1,182.830002,35.0 ,20552.09969
2020/6/2,184.910004,35.0 ,20552.09969
2020/6/3,185.360001,35.0 ,20552.09969
2020/6/4,182.919998,35.0 ,20552.09969
2020/6/5,187.199997,35.0 ,20552.09969
2020/6/8,188.360001,35.0 ,20552.09969
2020/6/9,189.800003,35.0 ,20552.09969
2020/6/10,196.839996,35.0 ,20552.09969
2020/6/11,186.270004,35.0 ,20552.09969
2020/6/12,187.740005,35.0 ,20552.09969
2020/6/15,188.940002,35.0 ,20552.09969
2020/6/16,193.570007,35.0 ,20552.09969
2020/6/17,194.240005,35.0 ,20552.09969
2020/6/18,196.320007,35.0 ,20552.09969
2020/6/19,195.149994,35.0 ,20552.09969
2020/6/22,200.570007,35.0 ,20552.09969
2020/6/23,201.910004,35.0 ,20552.09969
2020/6/24,197.839996,35.0 ,20552.09969
2020/6/25,200.339996,35.0 ,20552.09969
2020/6/26,196.330002,35.0 ,20552.09969
2020/6/29,198.440002,35.0 ,20552.09969
2020/6/30,203.509995,35.0 ,20552.09969
2020/7/1,204.699997,38.0 ,20855.56473
2020/7/2,206.259995,38.0 ,20855.56473
2020/7/6,210.699997,38.0 ,20855.56473
2020/7/7,208.25,38.0 ,20855.56473
2020/7/8,212.830002,38.0 ,20855.56473
2020/7/9,214.320007,38.0 ,20855.56473
2020/7/10,213.669998,38.0 ,20855.56473
2020/7/13,207.070007,38.0 ,20855.56473
2020/7/14,208.350006,38.0 ,20855.56473
2020/7/15,208.039993,38.0 ,20855.56473
2020/7/16,203.919998,38.0 ,20855.56473
2020/7/17,202.880005,38.0 ,20855.56473
2020/7/20,211.600006,38.0 ,20855.56473
2020/7/21,208.75,38.0 ,20855.56473
2020/7/22,211.75,38.0 ,20855.56473
2020/7/23,202.539993,38.0 ,20855.56473
2020/7/24,201.300003,38.0 ,20855.56473
2020/7/27,203.850006,38.0 ,20855.56473
2020/7/28,202.020004,38.0 ,20855.56473
2020/7/29,204.059998,38.0 ,20855.56473
2020/7/30,203.899994,38.0 ,20855.56473
2020/7/31,205.009995,38.0 ,20855.56473
2020/8/3,216.539993,38.0 ,21140.12718
2020/8/4,213.289993,38.0 ,21140.12718
2020/8/5,212.940002,38.0 ,21140.12718
2020/8/6,216.350006,38.0 ,21140.12718
2020/8/7,212.479996,38.0 ,21140.12718
2020/8/10,208.25,38.0 ,21140.12718
2020/8/11,203.380005,38.0 ,21140.12718
2020/8/12,209.190002,38.0 ,21140.12718
2020/8/13,208.699997,38.0 ,21140.12718
2020/8/14,208.899994,38.0 ,21140.12718
2020/8/17,210.279999,38.0 ,21140.12718
2020/8/18,211.490005,38.0 ,21140.12718
2020/8/19,209.699997,38.0 ,21140.12718
2020/8/20,214.580002,38.0 ,21140.12718
2020/8/21,213.020004,38.0 ,21140.12718
2020/8/24,213.690002,38.0 ,21140.12718
2020/8/25,216.470001,38.0 ,21140.12718
2020/8/26,221.149994,38.0 ,21140.12718
2020/8/27,226.580002,38.0 ,21140.12718
2020/8/28,228.910004,38.0 ,21140.12718
2020/8/31,225.529999,38.0 ,21140.12718
2020/9/1,227.270004,38.0 ,21420.0301
2020/9/2,231.649994,38.0 ,21420.0301
2020/9/3,217.300003,38.0 ,21420.0301
2020/9/4,214.25,38.0 ,21420.0301
2020/9/8,202.660004,38.0 ,21420.0301
2020/9/9,211.289993,38.0 ,21420.0301
2020/9/10,205.369995,38.0 ,21420.0301
2020/9/11,204.029999,38.0 ,21420.0301
2020/9/14,205.410004,38.0 ,21420.0301
2020/9/15,208.779999,38.0 ,21420.0301
2020/9/16,205.050003,38.0 ,21420.0301
2020/9/17,202.910004,38.0 ,21420.0301
2020/9/18,200.389999,38.0 ,21420.0301
2020/9/21,202.539993,38.0 ,21420.0301
2020/9/22,207.419998,38.0 ,21420.0301
2020/9/23,200.589996,38.0 ,21420.0301
2020/9/24,203.190002,38.0 ,21420.0301
2020/9/25,207.820007,38.0 ,21420.0301
2020/9/28,209.440002,38.0 ,21420.0301
2020/9/29,207.259995,38.0 ,21420.0301
2020/9/30,210.330002,38.0 ,21420.0301
2020/10/1,212.460007,37.2,21620.10157
2020/10/2,206.190002,37.2,21620.10157
2020/10/5,210.380005,37.2,21620.10157
2020/10/6,205.910004,37.2,21620.10157
2020/10/7,209.830002,37.2,21620.10157
2020/10/8,210.580002,37.2,21620.10157
2020/10/9,215.809998,37.2,21620.10157
2020/10/12,221.399994,37.2,21620.10157
2020/10/13,222.860001,37.2,21620.10157
2020/10/14,220.860001,37.2,21620.10157
2020/10/15,219.660004,37.2,21620.10157
2020/10/16,219.660004,37.2,21620.10157
2020/10/19,214.220001,37.2,21620.10157
2020/10/20,214.649994,37.2,21620.10157
2020/10/21,214.800003,37.2,21620.10157
2020/10/22,214.889999,37.2,21620.10157
2020/10/23,216.229996,37.2,21620.10157
2020/10/26,210.080002,37.2,21620.10157
2020/10/27,213.25,37.2,21620.10157
2020/10/28,202.679993,37.2,21620.10157
2020/10/29,204.720001,37.2,21620.10157
2020/10/30,202.470001,37.2,21620.10157
2020/11/2,202.330002,37.2,21384.55152
2020/11/3,206.429993,37.2,21384.55152
2020/11/4,216.389999,37.2,21384.55152
2020/11/5,223.289993,37.2,21384.55152
2020/11/6,223.720001,37.2,21384.55152
2020/11/9,218.389999,37.2,21384.55152
2020/11/10,211.009995,37.2,21384.55152
2020/11/11,216.550003,37.2,21384.55152
2020/11/12,215.440002,37.2,21384.55152
2020/11/13,216.509995,37.2,21384.55152
2020/11/16,217.229996,37.2,21384.55152
2020/11/17,214.460007,37.2,21384.55152
2020/11/18,211.080002,37.2,21384.55152
2020/11/19,212.419998,37.2,21384.55152
2020/11/20,210.389999,37.2,21384.55152
2020/11/23,210.110001,37.2,21384.55152
2020/11/24,213.860001,37.2,21384.55152
2020/11/25,213.869995,37.2,21384.55152
2020/11/27,215.229996,37.2,21384.55152
2020/11/30,214.070007,37.2,21384.55152
2020/12/1,216.210007,37.2,21428.13791
2020/12/2,215.369995,37.2,21428.13791
2020/12/3,214.240005,37.2,21428.13791
2020/12/4,214.360001,37.2,21428.13791
2020/12/7,214.289993,37.2,21428.13791
2020/12/8,216.009995,37.2,21428.13791
2020/12/9,211.800003,37.2,21428.13791
2020/12/10,210.520004,37.2,21428.13791
2020/12/11,213.259995,37.2,21428.13791
2020/12/14,214.199997,37.2,21428.13791
2020/12/15,214.130005,37.2,21428.13791
2020/12/16,219.279999,37.2,21428.13791
2020/12/17,219.419998,37.2,21428.13791
2020/12/18,218.589996,37.2,21428.13791
2020/12/21,222.589996,37.2,21428.13791
2020/12/22,223.940002,37.2,21428.13791
2020/12/23,221.020004,37.2,21428.13791
2020/12/24,222.75,37.2,21428.13791
2020/12/28,224.960007,37.2,21428.13791
2020/12/29,224.149994,37.2,21428.13791
2020/12/30,221.679993,37.2,21428.13791
2020/12/31,222.419998,37.2,21428.13791
2021/1/4,217.690002,43.1,22020.09024
2021/1/5,217.899994,43.1,22020.09024
2021/1/6,212.25,43.1,22020.09024
2021/1/7,218.289993,43.1,22020.09024
2021/1/8,219.619995,43.1,22020.09024
2021/1/11,217.490005,43.1,22020.09024
2021/1/12,214.929993,43.1,22020.09024
2021/1/13,216.339996,43.1,22020.09024
2021/1/14,213.020004,43.1,22020.09024
2021/1/15,212.649994,43.1,22020.09024
2021/1/19,216.440002,43.1,22020.09024
2021/1/20,224.339996,43.1,22020.09024
2021/1/21,224.970001,43.1,22020.09024
2021/1/22,225.949997,43.1,22020.09024
2021/1/25,229.529999,43.1,22020.09024
2021/1/26,232.330002,43.1,22020.09024
2021/1/27,232.899994,43.1,22020.09024
2021/1/28,238.929993,43.1,22020.09024
2021/1/29,231.960007,43.1,22020.09024
2021/2/1,239.649994,43.1,21722.40726
2021/2/2,239.509995,43.1,21722.40726
2021/2/3,243,43.1,21722.40726
2021/2/4,242.009995,43.1,21722.40726
2021/2/5,242.199997,43.1,21722.40726
2021/2/8,242.470001,43.1,21722.40726
2021/2/9,243.770004,43.1,21722.40726
2021/2/10,242.820007,43.1,21722.40726
2021/2/11,244.490005,43.1,21722.40726
2021/2/12,244.990005,43.1,21722.40726
2021/2/16,243.699997,43.1,21722.40726
2021/2/17,244.199997,43.1,21722.40726
2021/2/18,243.789993,43.1,21722.40726
2021/2/19,240.970001,43.1,21722.40726
2021/2/22,234.509995,43.1,21722.40726
2021/2/23,233.270004,43.1,21722.40726
2021/2/24,234.550003,43.1,21722.40726
2021/2/25,228.990005,43.1,21722.40726
2021/2/26,232.380005,43.1,21722.40726
2021/3/1,236.940002,43.1,22372.1805
2021/3/2,233.869995,43.1,22372.1805
2021/3/3,227.559998,43.1,22372.1805
2021/3/4,226.729996,43.1,22372.1805
2021/3/5,231.600006,43.1,22372.1805
2021/3/8,227.389999,43.1,22372.1805
2021/3/9,233.779999,43.1,22372.1805
2021/3/10,232.419998,43.1,22372.1805
2021/3/11,237.130005,43.1,22372.1805
2021/3/12,235.75,43.1,22372.1805
2021/3/15,234.809998,43.1,22372.1805
2021/3/16,237.710007,43.1,22372.1805
2021/3/17,237.039993,43.1,22372.1805
2021/3/18,230.720001,43.1,22372.1805
2021/3/19,230.350006,43.1,22372.1805
2021/3/22,235.990005,43.1,22372.1805
2021/3/23,237.580002,43.1,22372.1805
2021/3/24,235.460007,43.1,22372.1805
2021/3/25,232.339996,43.1,22372.1805
2021/3/26,236.479996,43.1,22372.1805
2021/3/29,235.240005,43.1,22372.1805
2021/3/30,231.850006,43.1,22372.1805
2021/3/31,235.770004,43.1,22372.1805
2021/4/1,242.350006,41.7,22606.30254
2021/4/5,249.070007,41.7,22606.30254
2021/4/6,247.860001,41.7,22606.30254
2021/4/7,249.899994,41.7,22606.30254
2021/4/8,253.25,41.7,22606.30254
2021/4/9,255.850006,41.7,22606.30254
2021/4/12,255.910004,41.7,22606.30254
2021/4/13,258.48999,41.7,22606.30254
2021/4/14,255.589996,41.7,22606.30254
2021/4/15,259.5,41.7,22606.30254
2021/4/16,260.73999,41.7,22606.30254
2021/4/19,258.73999,41.7,22606.30254
2021/4/20,258.26001,41.7,22606.30254
2021/4/21,260.579987,41.7,22606.30254
2021/4/22,257.170013,41.7,22606.30254
2021/4/23,261.149994,41.7,22606.30254
2021/4/26,261.549988,41.7,22606.30254
2021/4/27,261.970001,41.7,22606.30254
2021/4/28,254.559998,41.7,22606.30254
2021/4/29,252.509995,41.7,22606.30254
2021/4/30,252.179993,41.7,22606.30254
